{
    "unigram_accuracy": 0.36674090571640683,
    "bigram_accuracy": 0.31403118040089084
}